{
    "loss": 4.467265605926514,
    "accuracy": 0.7843137383460999
}