{
    "loss": 1.4480282068252563,
    "accuracy": 0.8627451062202454
}